Date,TransportType,Route,DepartureTime,ArrivalTime,Passengers,DepartureStation,ArrivalStation,Delay
2023-01-01,Tram,Route_5,22:29,24:53,38,Station_19,Station_5,64
2023-01-01,Train,Route_6,09:34,10:04,89,Station_18,Station_14,28
2023-01-01,Bus,Route_5,11:44,12:27,9,Station_7,Station_14,33
2023-01-01,Train,Route_1,12:52,14:10,20,Station_5,Station_12,18
2023-01-01,Metro,Route_7,18:34,20:55,32,Station_3,Station_10,63
2023-01-01,Metro,Route_1,18:24,21:21,51,Station_5,Station_13,60
2023-01-01,Train,Route_8,05:33,06:58,38,Station_4,Station_7,27
2023-01-01,Tram,Route_3,11:21,13:11,65,Station_2,Station_17,67
2023-01-01,Tram,Route_1,14:47,16:34,11,Station_12,Station_8,24
2023-01-01,Train,Route_7,16:29,19:02,86,Station_4,Station_3,36
2023-01-01,Metro,Route_4,11:57,13:07,98,Station_16,Station_10,39
2023-01-01,Bus,Route_5,09:30,10:33,98,Station_19,Station_16,25
2023-01-01,Train,Route_9,06:27,07:51,40,Station_20,Station_11,49
2023-01-01,Bus,Route_5,09:17,10:36,30,Station_10,Station_19,65
2023-01-01,Bus,Route_5,15:21,17:16,73,Station_16,Station_12,57
2023-01-01,Tram,Route_1,13:04,14:27,53,Station_9,Station_11,19
2023-01-01,Bus,Route_2,20:03,21:44,77,Station_18,Station_10,49
2023-01-01,Train,Route_10,16:29,17:45,65,Station_5,Station_19,45
2023-01-01,Bus,Route_10,16:20,18:07,8,Station_12,Station_15,22
2023-01-01,Tram,Route_8,09:46,12:03,98,Station_19,Station_1,44
2023-01-01,Bus,Route_4,03:22,03:52,80,Station_10,Station_4,27
2023-01-01,Tram,Route_2,13:44,16:32,21,Station_20,Station_20,57
2023-01-01,Bus,Route_6,08:46,10:24,56,Station_17,Station_16,55
2023-01-01,Train,Route_4,15:00,17:49,40,Station_15,Station_17,64
2023-01-01,Metro,Route_1,10:26,12:08,28,Station_19,Station_19,32
2023-01-01,Train,Route_4,20:04,22:25,44,Station_2,Station_17,50
2023-01-01,Tram,Route_8,19:56,22:14,24,Station_3,Station_6,31
2023-01-01,Tram,Route_2,21:17,23:34,86,Station_7,Station_6,30
2023-01-01,Bus,Route_4,05:13,06:13,66,Station_1,Station_11,17
2023-01-01,Tram,Route_8,17:14,19:02,12,Station_7,Station_3,32
2023-01-01,Train,Route_7,13:55,14:32,47,Station_9,Station_4,20
2023-01-01,Bus,Route_1,05:31,07:54,31,Station_6,Station_19,52
2023-01-02,Metro,Route_3,06:13,07:49,24,Station_6,Station_6,6
2023-01-02,Bus,Route_8,21:30,22:49,30,Station_6,Station_2,3
2023-01-02,Bus,Route_5,05:21,06:43,21,Station_13,Station_3,11
2023-01-02,Tram,Route_3,06:46,07:18,27,Station_10,Station_13,11
2023-01-02,Tram,Route_10,15:33,16:08,48,Station_3,Station_12,1
2023-01-02,Bus,Route_5,03:31,04:29,55,Station_14,Station_2,11
2023-01-02,Tram,Route_1,15:50,17:10,80,Station_19,Station_1,6
2023-01-02,Tram,Route_7,15:23,16:14,59,Station_5,Station_12,14
2023-01-02,Bus,Route_7,06:39,07:15,84,Station_2,Station_15,2
2023-01-02,Tram,Route_6,11:57,12:55,57,Station_16,Station_13,14
2023-01-02,Metro,Route_6,19:12,20:19,17,Station_13,Station_9,0
2023-01-02,Tram,Route_7,11:15,13:18,19,Station_8,Station_10,14
2023-01-02,Train,Route_1,08:56,10:03,41,Station_9,Station_15,6
2023-01-02,Train,Route_9,20:28,21:35,38,Station_8,Station_2,8
2023-01-02,Tram,Route_3,09:39,10:19,4,Station_7,Station_15,2
2023-01-02,Metro,Route_2,05:22,05:47,68,Station_9,Station_7,9
2023-01-02,Bus,Route_7,03:37,04:33,91,Station_17,Station_15,1
2023-01-02,Bus,Route_1,15:52,16:09,87,Station_16,Station_6,12
2023-01-02,Bus,Route_7,15:53,16:43,78,Station_19,Station_19,12
2023-01-02,Tram,Route_8,10:47,11:16,78,Station_10,Station_18,11
2023-01-02,Tram,Route_1,06:48,07:32,25,Station_16,Station_17,5
2023-01-02,Train,Route_10,05:49,07:30,37,Station_5,Station_10,13
2023-01-02,Tram,Route_10,19:12,21:21,1,Station_17,Station_5,13
2023-01-02,Metro,Route_6,20:41,22:01,44,Station_10,Station_14,5
2023-01-02,Tram,Route_3,14:38,16:14,57,Station_4,Station_2,10
2023-01-02,Metro,Route_2,15:24,17:27,85,Station_1,Station_2,3
2023-01-02,Train,Route_2,11:41,12:31,33,Station_20,Station_5,9
2023-01-02,Train,Route_4,20:13,21:07,96,Station_2,Station_11,7
2023-01-02,Train,Route_9,08:20,09:32,89,Station_10,Station_18,4
2023-01-02,Bus,Route_3,19:39,21:37,48,Station_20,Station_9,12
2023-01-02,Bus,Route_4,16:21,18:11,100,Station_8,Station_3,11
2023-01-02,Tram,Route_4,09:05,10:19,63,Station_10,Station_2,0
2023-01-03,Tram,Route_4,17:00,17:09,3,Station_7,Station_18,5
2023-01-03,Metro,Route_10,05:43,06:47,79,Station_15,Station_9,13
2023-01-03,Metro,Route_7,17:37,18:31,53,Station_16,Station_7,14
2023-01-03,Metro,Route_2,05:02,05:55,7,Station_9,Station_11,10
2023-01-03,Bus,Route_7,16:46,18:36,77,Station_7,Station_5,10
2023-01-03,Metro,Route_5,20:41,21:13,21,Station_11,Station_17,0
2023-01-03,Train,Route_5,08:54,10:09,87,Station_17,Station_18,12
2023-01-03,Bus,Route_4,18:15,19:52,83,Station_2,Station_4,14
2023-01-03,Bus,Route_7,03:50,04:33,93,Station_19,Station_13,4
2023-01-03,Bus,Route_7,05:32,05:46,87,Station_6,Station_11,13
2023-01-03,Tram,Route_3,16:17,17:01,99,Station_7,Station_16,10
2023-01-03,Metro,Route_5,20:34,21:12,10,Station_2,Station_9,13
2023-01-03,Bus,Route_8,18:59,20:29,73,Station_18,Station_2,13
2023-01-03,Bus,Route_10,18:30,19:56,43,Station_19,Station_12,2
2023-01-03,Bus,Route_8,17:39,19:35,7,Station_2,Station_12,4
2023-01-03,Train,Route_1,16:47,18:38,89,Station_14,Station_12,12
2023-01-03,Tram,Route_2,10:30,11:54,100,Station_7,Station_20,9
2023-01-03,Metro,Route_8,19:45,21:05,17,Station_15,Station_1,1
2023-01-03,Train,Route_2,10:54,11:45,7,Station_3,Station_16,12
2023-01-03,Tram,Route_4,20:35,21:31,14,Station_18,Station_20,11
2023-01-03,Tram,Route_1,20:33,22:31,59,Station_4,Station_19,5
2023-01-03,Metro,Route_6,15:35,17:39,46,Station_10,Station_14,15
2023-01-03,Train,Route_6,05:14,07:05,9,Station_14,Station_3,8
2023-01-03,Bus,Route_9,21:53,23:51,79,Station_5,Station_8,10
2023-01-03,Bus,Route_9,07:54,09:09,99,Station_15,Station_11,14
2023-01-03,Bus,Route_4,07:16,09:26,28,Station_8,Station_17,10
2023-01-03,Bus,Route_5,18:52,19:17,35,Station_2,Station_14,2
2023-01-03,Bus,Route_10,14:32,15:53,88,Station_12,Station_20,12
2023-01-03,Metro,Route_8,22:58,23:28,28,Station_12,Station_14,7
2023-01-03,Metro,Route_4,10:30,12:24,81,Station_5,Station_16,0
2023-01-03,Train,Route_4,19:21,19:24,96,Station_14,Station_2,1
2023-01-03,Tram,Route_6,13:34,15:14,24,Station_6,Station_18,9
2023-01-04,Bus,Route_10,20:16,22:17,76,Station_14,Station_15,7
2023-01-04,Train,Route_10,08:12,08:15,51,Station_17,Station_5,0
2023-01-04,Tram,Route_6,13:21,14:10,70,Station_13,Station_1,13
2023-01-04,Tram,Route_10,14:48,16:40,5,Station_19,Station_1,12
2023-01-04,Bus,Route_1,14:58,15:00,100,Station_3,Station_10,0
2023-01-04,Bus,Route_6,19:03,20:54,31,Station_17,Station_16,14
2023-01-04,Bus,Route_10,03:52,04:14,86,Station_17,Station_12,7
2023-01-04,Metro,Route_9,15:44,17:01,48,Station_13,Station_9,7
2023-01-04,Tram,Route_5,20:52,21:26,36,Station_2,Station_11,11
2023-01-04,Bus,Route_8,19:32,21:35,77,Station_7,Station_1,5
2023-01-04,Tram,Route_5,10:52,11:51,33,Station_15,Station_20,0
2023-01-04,Metro,Route_3,18:27,19:15,60,Station_8,Station_18,11
2023-01-04,Bus,Route_10,13:53,15:13,71,Station_19,Station_11,6
2023-01-04,Metro,Route_2,08:02,08:57,81,Station_2,Station_14,9
2023-01-04,Metro,Route_6,15:35,17:12,73,Station_1,Station_5,2
2023-01-04,Bus,Route_4,09:18,10:54,3,Station_19,Station_20,9
2023-01-04,Train,Route_7,16:00,17:48,39,Station_19,Station_16,12
2023-01-04,Tram,Route_10,15:35,17:23,17,Station_10,Station_12,8
2023-01-04,Tram,Route_8,19:49,20:29,12,Station_15,Station_13,0
2023-01-04,Train,Route_8,12:15,13:22,6,Station_8,Station_8,13
2023-01-04,Bus,Route_2,12:32,12:49,22,Station_8,Station_10,15
2023-01-04,Bus,Route_2,22:19,23:50,64,Station_14,Station_11,13
2023-01-04,Metro,Route_8,06:51,08:47,3,Station_13,Station_10,13
2023-01-04,Metro,Route_7,11:59,13:01,31,Station_3,Station_20,7
2023-01-04,Metro,Route_1,09:30,10:02,63,Station_14,Station_4,14
2023-01-04,Metro,Route_7,11:08,11:43,31,Station_3,Station_7,15
2023-01-04,Metro,Route_10,11:05,11:26,38,Station_13,Station_5,8
2023-01-04,Bus,Route_9,08:31,09:00,5,Station_9,Station_14,6
2023-01-04,Train,Route_6,11:19,12:49,36,Station_11,Station_6,8
2023-01-04,Bus,Route_3,13:47,15:15,100,Station_17,Station_2,12
2023-01-04,Bus,Route_6,12:28,13:33,45,Station_7,Station_5,2
2023-01-04,Metro,Route_4,21:56,23:16,40,Station_9,Station_5,3
2023-01-05,Tram,Route_3,16:36,17:47,79,Station_5,Station_20,12
2023-01-05,Metro,Route_8,15:46,16:36,5,Station_5,Station_12,9
2023-01-05,Train,Route_9,09:50,10:46,52,Station_4,Station_10,13
2023-01-05,Tram,Route_1,12:45,13:40,19,Station_2,Station_5,15
2023-01-05,Metro,Route_8,15:27,16:36,90,Station_17,Station_7,0
2023-01-05,Train,Route_9,08:24,09:56,5,Station_6,Station_11,14
2023-01-05,Tram,Route_2,11:56,12:44,15,Station_2,Station_5,8
2023-01-05,Metro,Route_10,19:56,21:26,79,Station_13,Station_8,12
2023-01-05,Bus,Route_8,13:45,15:22,25,Station_20,Station_13,14
2023-01-05,Tram,Route_3,18:40,20:34,68,Station_10,Station_6,5
2023-01-05,Train,Route_3,12:09,12:22,32,Station_15,Station_9,1
2023-01-05,Train,Route_9,07:44,08:46,44,Station_1,Station_19,6
2023-01-05,Bus,Route_8,12:55,13:11,61,Station_20,Station_20,11
2023-01-05,Bus,Route_1,08:49,09:45,39,Station_8,Station_2,4
2023-01-05,Train,Route_8,19:47,21:57,35,Station_9,Station_1,10
2023-01-05,Train,Route_5,16:25,17:50,49,Station_17,Station_7,0
2023-01-05,Tram,Route_9,14:24,15:27,81,Station_12,Station_6,6
2023-01-05,Bus,Route_5,12:35,14:32,90,Station_18,Station_12,10
2023-01-05,Train,Route_3,06:51,08:02,65,Station_1,Station_11,12
2023-01-05,Train,Route_5,13:30,14:59,13,Station_11,Station_15,2
2023-01-05,Bus,Route_4,17:19,18:26,27,Station_17,Station_6,8
2023-01-05,Bus,Route_6,11:47,12:13,36,Station_3,Station_1,9
2023-01-05,Bus,Route_2,17:29,17:55,87,Station_9,Station_1,9
2023-01-05,Train,Route_7,21:41,23:14,77,Station_17,Station_9,0
2023-01-05,Train,Route_6,17:01,19:05,12,Station_20,Station_4,14
2023-01-05,Train,Route_3,16:06,17:51,96,Station_20,Station_1,7
2023-01-05,Bus,Route_4,13:16,14:13,51,Station_11,Station_10,5
2023-01-05,Tram,Route_7,05:54,07:14,24,Station_12,Station_12,7
2023-01-05,Tram,Route_10,19:55,20:36,43,Station_1,Station_6,10
2023-01-05,Tram,Route_10,17:53,18:48,43,Station_20,Station_14,13
2023-01-05,Tram,Route_1,16:50,18:32,52,Station_12,Station_12,1
2023-01-05,Tram,Route_10,11:30,11:37,75,Station_8,Station_13,3
2023-01-06,Metro,Route_5,16:31,18:20,21,Station_17,Station_16,12
2023-01-06,Train,Route_7,16:54,18:29,1,Station_18,Station_9,6
2023-01-06,Train,Route_7,16:05,16:39,87,Station_18,Station_18,4
2023-01-06,Train,Route_2,17:08,19:11,51,Station_10,Station_8,7
2023-01-06,Bus,Route_3,21:12,23:04,3,Station_16,Station_19,6
2023-01-06,Train,Route_1,07:56,08:12,83,Station_19,Station_6,1
2023-01-06,Metro,Route_1,10:50,12:30,16,Station_1,Station_11,15
2023-01-06,Bus,Route_2,05:37,07:45,98,Station_12,Station_15,11
2023-01-06,Train,Route_9,05:50,06:18,53,Station_11,Station_13,7
2023-01-06,Train,Route_8,15:22,16:10,52,Station_16,Station_10,9
2023-01-06,Metro,Route_4,15:00,16:20,47,Station_1,Station_19,7
2023-01-06,Metro,Route_7,05:46,06:59,12,Station_8,Station_2,14
2023-01-06,Bus,Route_10,20:10,21:12,71,Station_20,Station_9,0
2023-01-06,Bus,Route_10,17:04,19:11,53,Station_14,Station_16,7
2023-01-06,Metro,Route_5,17:35,18:02,10,Station_13,Station_10,11
2023-01-06,Metro,Route_6,12:44,13:17,19,Station_16,Station_4,2
2023-01-06,Bus,Route_10,19:07,20:54,51,Station_11,Station_3,13
2023-01-06,Bus,Route_2,15:43,17:43,22,Station_8,Station_7,13
2023-01-06,Metro,Route_8,11:16,13:31,82,Station_15,Station_14,15
2023-01-06,Train,Route_3,18:51,19:31,76,Station_6,Station_19,1
2023-01-06,Train,Route_5,05:11,06:20,80,Station_20,Station_7,4
2023-01-06,Metro,Route_7,15:40,16:03,1,Station_19,Station_13,8
2023-01-06,Tram,Route_9,08:56,10:20,39,Station_13,Station_12,6
2023-01-06,Bus,Route_8,03:11,05:11,70,Station_2,Station_14,2
2023-01-06,Metro,Route_2,21:17,21:41,41,Station_7,Station_15,9
2023-01-06,Metro,Route_4,07:28,08:35,93,Station_2,Station_19,0
2023-01-06,Bus,Route_9,16:16,17:19,75,Station_11,Station_18,3
2023-01-06,Metro,Route_5,06:53,07:24,59,Station_15,Station_17,4
2023-01-06,Tram,Route_4,12:01,13:37,54,Station_14,Station_9,4
2023-01-06,Tram,Route_5,06:31,07:24,86,Station_20,Station_17,4
2023-01-06,Bus,Route_6,17:49,18:45,70,Station_12,Station_18,12
2023-01-06,Metro,Route_6,18:08,18:21,2,Station_14,Station_3,12
2023-01-07,Bus,Route_8,22:37,22:49,96,Station_17,Station_15,2
2023-01-07,Metro,Route_9,12:50,13:46,43,Station_9,Station_18,13
2023-01-07,Tram,Route_2,15:52,16:06,80,Station_13,Station_6,11
2023-01-07,Bus,Route_9,15:26,15:56,97,Station_10,Station_10,10
2023-01-07,Bus,Route_8,22:37,24:39,63,Station_8,Station_18,12
2023-01-07,Train,Route_6,15:23,15:36,36,Station_16,Station_16,12
2023-01-07,Metro,Route_5,14:36,15:37,27,Station_5,Station_17,5
2023-01-07,Bus,Route_5,19:58,21:20,76,Station_16,Station_14,13
2023-01-07,Tram,Route_6,16:02,16:16,45,Station_4,Station_18,9
2023-01-07,Bus,Route_1,03:31,05:07,29,Station_11,Station_14,10
2023-01-07,Bus,Route_2,17:07,19:07,2,Station_18,Station_20,15
2023-01-07,Bus,Route_6,13:59,14:41,65,Station_7,Station_13,7
2023-01-07,Metro,Route_7,16:31,18:39,79,Station_18,Station_13,8
2023-01-07,Metro,Route_10,05:20,07:14,80,Station_18,Station_10,9
2023-01-07,Metro,Route_10,15:48,16:43,11,Station_1,Station_1,15
2023-01-07,Tram,Route_6,13:40,15:04,25,Station_6,Station_19,3
2023-01-07,Tram,Route_4,21:08,22:12,16,Station_17,Station_18,6
2023-01-07,Metro,Route_4,20:29,21:30,79,Station_19,Station_16,6
2023-01-07,Train,Route_9,08:07,09:21,86,Station_17,Station_14,4
2023-01-07,Train,Route_5,11:28,12:11,88,Station_1,Station_16,2
2023-01-07,Metro,Route_6,22:08,23:51,11,Station_2,Station_2,13
2023-01-07,Bus,Route_4,13:53,15:53,61,Station_17,Station_15,9
2023-01-07,Tram,Route_7,18:16,19:35,11,Station_15,Station_10,6
2023-01-07,Bus,Route_2,06:15,06:45,23,Station_2,Station_12,4
2023-01-07,Tram,Route_3,08:38,09:29,10,Station_12,Station_12,14
2023-01-07,Metro,Route_6,22:33,24:29,18,Station_8,Station_13,13
2023-01-07,Tram,Route_4,09:10,09:52,32,Station_17,Station_16,9
2023-01-07,Bus,Route_8,12:36,13:46,28,Station_15,Station_4,8
2023-01-07,Bus,Route_3,10:20,11:45,6,Station_20,Station_12,1
2023-01-07,Metro,Route_2,15:15,16:22,1,Station_20,Station_7,10
2023-01-07,Bus,Route_2,22:29,23:32,88,Station_13,Station_16,15
2023-01-07,Metro,Route_10,09:44,10:38,46,Station_3,Station_5,5
2023-01-08,Bus,Route_2,21:01,22:32,94,Station_5,Station_7,4
2023-01-08,Tram,Route_9,18:19,19:36,94,Station_13,Station_7,13
2023-01-08,Metro,Route_4,05:21,05:48,13,Station_2,Station_15,3
2023-01-08,Metro,Route_4,19:45,21:32,13,Station_3,Station_15,4
2023-01-08,Tram,Route_4,21:27,22:18,30,Station_17,Station_9,9
2023-01-08,Tram,Route_7,20:30,22:40,51,Station_12,Station_11,11
2023-01-08,Bus,Route_5,11:32,12:26,92,Station_9,Station_17,1
2023-01-08,Tram,Route_8,20:07,20:15,79,Station_11,Station_6,7
2023-01-08,Tram,Route_9,16:32,17:02,94,Station_11,Station_14,14
2023-01-08,Tram,Route_10,16:24,16:29,64,Station_10,Station_11,2
2023-01-08,Bus,Route_7,03:31,04:55,72,Station_4,Station_17,2
2023-01-08,Bus,Route_1,10:42,11:29,52,Station_3,Station_2,8
2023-01-08,Tram,Route_1,16:17,17:03,81,Station_10,Station_4,11
2023-01-08,Metro,Route_2,19:37,21:07,52,Station_3,Station_19,10
2023-01-08,Tram,Route_10,05:16,06:51,41,Station_10,Station_15,1
2023-01-08,Bus,Route_6,12:05,13:41,81,Station_2,Station_7,2
2023-01-08,Tram,Route_8,08:14,09:46,44,Station_7,Station_10,10
2023-01-08,Bus,Route_1,07:45,09:48,89,Station_10,Station_3,3
2023-01-08,Metro,Route_2,20:37,22:31,95,Station_13,Station_11,1
2023-01-08,Metro,Route_5,13:42,14:04,7,Station_8,Station_6,7
2023-01-08,Train,Route_7,05:11,06:55,4,Station_17,Station_14,1
2023-01-08,Train,Route_4,17:40,19:09,85,Station_20,Station_3,12
2023-01-08,Bus,Route_5,16:27,18:07,94,Station_15,Station_18,12
2023-01-08,Tram,Route_2,06:51,08:04,64,Station_1,Station_16,1
2023-01-08,Metro,Route_6,15:33,17:36,91,Station_15,Station_11,9
2023-01-08,Metro,Route_3,19:58,20:05,93,Station_4,Station_2,3
2023-01-08,Bus,Route_5,19:42,21:33,72,Station_10,Station_18,11
2023-01-08,Bus,Route_7,15:57,18:05,20,Station_2,Station_9,12
2023-01-08,Bus,Route_5,12:05,13:01,48,Station_17,Station_7,15
2023-01-08,Metro,Route_3,20:46,20:49,54,Station_16,Station_18,1
2023-01-08,Bus,Route_3,21:10,22:33,85,Station_17,Station_7,2
2023-01-08,Bus,Route_6,15:11,15:58,65,Station_11,Station_14,11
2023-01-09,Bus,Route_6,14:26,16:06,70,Station_11,Station_8,6
2023-01-09,Train,Route_10,22:11,22:51,62,Station_11,Station_16,1
2023-01-09,Tram,Route_2,17:19,19:05,4,Station_3,Station_3,7
2023-01-09,Tram,Route_1,19:07,21:09,68,Station_9,Station_3,7
2023-01-09,Train,Route_5,22:38,24:13,37,Station_7,Station_9,1
2023-01-09,Metro,Route_2,21:06,21:40,32,Station_12,Station_9,13
2023-01-09,Train,Route_7,08:13,09:27,92,Station_19,Station_2,12
2023-01-09,Train,Route_4,13:04,13:17,12,Station_10,Station_3,11
2023-01-09,Bus,Route_8,12:02,13:38,53,Station_18,Station_19,1
2023-01-09,Train,Route_9,21:05,22:01,80,Station_3,Station_17,6
2023-01-09,Bus,Route_6,12:05,13:52,42,Station_2,Station_10,6
2023-01-09,Metro,Route_2,19:18,20:25,27,Station_9,Station_11,5
2023-01-09,Tram,Route_3,15:23,16:03,35,Station_2,Station_20,7
2023-01-09,Tram,Route_1,10:50,12:33,8,Station_7,Station_4,11
2023-01-09,Tram,Route_2,17:05,17:37,47,Station_19,Station_1,2
2023-01-09,Bus,Route_2,17:52,18:54,18,Station_17,Station_1,10
2023-01-09,Bus,Route_8,21:05,23:11,36,Station_18,Station_17,9
2023-01-09,Bus,Route_10,12:27,13:12,76,Station_4,Station_18,2
2023-01-09,Tram,Route_10,15:07,15:26,54,Station_13,Station_8,15
2023-01-09,Metro,Route_4,22:20,23:08,82,Station_12,Station_19,14
2023-01-09,Tram,Route_10,11:02,11:33,74,Station_20,Station_11,6
2023-01-09,Bus,Route_9,09:13,11:16,84,Station_20,Station_10,7
2023-01-09,Train,Route_2,19:30,19:41,69,Station_11,Station_8,0
2023-01-09,Train,Route_7,20:44,21:28,88,Station_10,Station_5,11
2023-01-09,Train,Route_10,09:25,10:11,94,Station_16,Station_14,13
2023-01-09,Tram,Route_4,19:10,20:35,42,Station_16,Station_13,6
2023-01-09,Train,Route_6,20:28,21:29,97,Station_10,Station_16,15
2023-01-09,Bus,Route_9,21:59,23:45,41,Station_1,Station_18,8
2023-01-09,Metro,Route_2,07:10,08:52,30,Station_19,Station_12,13
2023-01-09,Metro,Route_1,08:12,09:17,78,Station_10,Station_7,7
2023-01-09,Tram,Route_5,07:59,08:53,4,Station_10,Station_16,2
2023-01-09,Bus,Route_3,17:52,19:03,89,Station_10,Station_7,12
2023-01-10,Metro,Route_6,11:21,11:52,84,Station_2,Station_11,3
2023-01-10,Train,Route_1,22:29,23:49,64,Station_14,Station_4,4
2023-01-10,Metro,Route_10,16:24,18:22,97,Station_2,Station_5,10
2023-01-10,Tram,Route_5,18:42,20:11,60,Station_4,Station_1,5
2023-01-10,Tram,Route_5,19:28,20:56,1,Station_15,Station_17,1
2023-01-10,Tram,Route_3,14:48,16:14,38,Station_15,Station_6,1
2023-01-10,Train,Route_7,15:29,16:05,24,Station_19,Station_4,6
2023-01-10,Metro,Route_5,18:45,19:29,61,Station_19,Station_18,5
2023-01-10,Metro,Route_5,08:52,09:59,66,Station_11,Station_12,11
2023-01-10,Metro,Route_1,19:28,20:20,37,Station_12,Station_14,6
2023-01-10,Train,Route_3,08:33,09:48,50,Station_17,Station_9,1
2023-01-10,Bus,Route_5,07:05,08:19,58,Station_6,Station_17,3
2023-01-10,Tram,Route_6,08:14,08:33,52,Station_1,Station_18,14
2023-01-10,Train,Route_9,16:50,17:18,42,Station_10,Station_20,14
2023-01-10,Train,Route_7,22:36,23:51,60,Station_3,Station_16,1
2023-01-10,Tram,Route_9,18:59,19:27,78,Station_15,Station_3,8
2023-01-10,Metro,Route_1,06:11,08:07,39,Station_18,Station_6,11
2023-01-10,Train,Route_4,13:05,13:32,50,Station_9,Station_3,3
2023-01-10,Bus,Route_5,09:05,11:06,13,Station_17,Station_19,1
2023-01-10,Bus,Route_3,15:03,15:44,39,Station_18,Station_13,14
2023-01-10,Tram,Route_9,12:35,14:23,31,Station_13,Station_5,7
2023-01-10,Tram,Route_8,09:57,10:39,30,Station_20,Station_11,7
2023-01-10,Tram,Route_2,12:27,14:21,65,Station_16,Station_4,7
2023-01-10,Bus,Route_3,14:03,15:24,100,Station_6,Station_14,13
2023-01-10,Tram,Route_9,18:55,20:09,27,Station_1,Station_3,4
2023-01-10,Metro,Route_6,07:32,08:30,97,Station_2,Station_19,8
2023-01-10,Bus,Route_9,21:23,23:24,21,Station_6,Station_9,10
2023-01-10,Metro,Route_10,11:47,13:14,50,Station_14,Station_17,13
2023-01-10,Train,Route_1,07:39,08:17,98,Station_18,Station_20,12
2023-01-10,Tram,Route_5,09:44,11:13,62,Station_7,Station_4,14
2023-01-10,Bus,Route_10,06:48,08:22,41,Station_8,Station_8,15
2023-01-10,Tram,Route_3,16:20,18:04,9,Station_9,Station_16,9
2023-01-11,Tram,Route_1,18:27,18:31,35,Station_4,Station_13,2
2023-01-11,Bus,Route_9,22:05,23:25,99,Station_2,Station_15,5
2023-01-11,Metro,Route_9,09:41,11:12,57,Station_11,Station_13,15
2023-01-11,Tram,Route_4,09:09,11:06,93,Station_11,Station_15,8
2023-01-11,Metro,Route_4,14:32,16:40,92,Station_9,Station_16,14
2023-01-11,Bus,Route_7,11:06,11:20,61,Station_13,Station_19,0
2023-01-11,Metro,Route_6,19:44,20:31,42,Station_8,Station_14,13
2023-01-11,Bus,Route_1,05:58,07:43,35,Station_13,Station_3,6
2023-01-11,Train,Route_7,18:07,18:23,41,Station_11,Station_13,0
2023-01-11,Tram,Route_1,12:58,14:28,12,Station_12,Station_11,13
2023-01-11,Train,Route_7,08:29,08:58,24,Station_19,Station_8,11
2023-01-11,Train,Route_3,20:23,21:18,99,Station_4,Station_18,10
2023-01-11,Train,Route_8,10:32,11:20,60,Station_5,Station_1,11
2023-01-11,Bus,Route_4,15:19,15:57,60,Station_5,Station_2,4
2023-01-11,Metro,Route_5,22:50,24:11,2,Station_14,Station_12,15
2023-01-11,Metro,Route_4,08:22,08:32,64,Station_11,Station_1,7
2023-01-11,Train,Route_6,22:23,23:33,16,Station_16,Station_15,10
2023-01-11,Metro,Route_2,09:15,10:50,5,Station_18,Station_16,2
2023-01-11,Bus,Route_7,11:26,11:59,13,Station_1,Station_16,7
2023-01-11,Train,Route_4,22:33,23:35,59,Station_4,Station_17,15
2023-01-11,Tram,Route_8,11:45,12:27,57,Station_16,Station_5,5
2023-01-11,Train,Route_8,09:19,10:03,36,Station_18,Station_8,4
2023-01-11,Bus,Route_7,16:00,17:44,51,Station_1,Station_11,7
2023-01-11,Bus,Route_4,18:56,19:17,90,Station_19,Station_4,9
2023-01-11,Tram,Route_5,12:29,14:14,5,Station_2,Station_7,14
2023-01-11,Metro,Route_9,12:36,13:11,79,Station_7,Station_6,2
2023-01-11,Bus,Route_6,10:35,12:19,51,Station_4,Station_8,11
2023-01-11,Metro,Route_1,16:52,17:23,2,Station_5,Station_12,10
2023-01-11,Metro,Route_2,08:47,09:29,77,Station_12,Station_9,7
2023-01-11,Tram,Route_8,21:09,22:01,82,Station_3,Station_2,7
2023-01-11,Tram,Route_4,22:12,23:11,49,Station_20,Station_7,2
2023-01-11,Bus,Route_9,22:31,23:25,48,Station_6,Station_20,8
2023-01-12,Bus,Route_2,05:10,06:48,59,Station_12,Station_2,26
2023-01-12,Bus,Route_1,11:41,12:54,42,Station_4,Station_19,41
2023-01-12,Bus,Route_5,22:18,24:45,87,Station_4,Station_19,39
2023-01-12,Tram,Route_9,20:31,21:18,31,Station_4,Station_4,19
2023-01-12,Train,Route_3,08:01,09:12,41,Station_9,Station_11,36
2023-01-12,Metro,Route_1,15:52,17:40,12,Station_13,Station_4,40
2023-01-12,Train,Route_8,07:39,08:50,99,Station_8,Station_11,40
2023-01-12,Train,Route_7,05:23,07:19,54,Station_9,Station_14,38
2023-01-12,Train,Route_4,21:06,23:53,21,Station_14,Station_15,64
2023-01-12,Train,Route_1,06:14,08:20,89,Station_13,Station_4,57
2023-01-12,Tram,Route_7,11:36,13:58,2,Station_19,Station_2,55
2023-01-12,Tram,Route_4,19:53,21:19,87,Station_15,Station_19,25
2023-01-12,Tram,Route_1,22:18,23:01,50,Station_6,Station_11,42
2023-01-12,Bus,Route_8,07:07,09:46,88,Station_16,Station_5,43
2023-01-12,Train,Route_7,21:04,23:19,62,Station_19,Station_19,38
2023-01-12,Tram,Route_2,15:43,17:58,71,Station_2,Station_17,33
2023-01-12,Train,Route_4,08:31,10:52,65,Station_8,Station_14,34
2023-01-12,Metro,Route_4,10:52,12:46,11,Station_13,Station_17,24
2023-01-12,Metro,Route_1,22:38,24:43,84,Station_2,Station_19,55
2023-01-12,Metro,Route_5,15:30,17:48,49,Station_14,Station_7,37
2023-01-12,Train,Route_9,07:21,10:11,9,Station_2,Station_8,62
2023-01-12,Tram,Route_3,15:51,17:06,38,Station_9,Station_20,56
2023-01-12,Train,Route_7,13:39,15:53,92,Station_19,Station_2,54
2023-01-12,Bus,Route_10,07:36,09:10,70,Station_8,Station_14,25
2023-01-12,Tram,Route_5,05:03,07:34,62,Station_20,Station_15,33
2023-01-12,Train,Route_5,14:49,17:17,60,Station_3,Station_10,66
2023-01-12,Tram,Route_5,13:09,14:20,53,Station_19,Station_7,46
2023-01-12,Tram,Route_8,22:43,25:37,76,Station_19,Station_17,62
2023-01-12,Train,Route_6,10:06,12:19,95,Station_6,Station_20,55
2023-01-12,Train,Route_7,18:56,21:08,80,Station_2,Station_1,24
2023-01-12,Tram,Route_4,19:08,20:26,4,Station_13,Station_11,42
2023-01-12,Tram,Route_6,12:06,12:51,83,Station_4,Station_3,32
2023-01-13,Bus,Route_4,11:29,13:38,85,Station_3,Station_6,33
2023-01-13,Tram,Route_3,21:35,23:03,10,Station_15,Station_6,23
2023-01-13,Metro,Route_3,18:10,19:00,13,Station_13,Station_9,32
2023-01-13,Tram,Route_8,12:24,13:51,11,Station_20,Station_1,70
2023-01-13,Tram,Route_10,15:43,18:15,2,Station_17,Station_13,38
2023-01-13,Bus,Route_9,18:37,20:19,99,Station_15,Station_19,52
2023-01-13,Train,Route_10,19:26,21:53,2,Station_13,Station_3,33
2023-01-13,Tram,Route_9,20:27,22:52,16,Station_14,Station_20,54
2023-01-13,Metro,Route_5,12:59,15:08,79,Station_11,Station_20,34
2023-01-13,Bus,Route_9,05:38,06:33,48,Station_16,Station_10,29
2023-01-13,Metro,Route_1,09:12,10:06,58,Station_19,Station_19,23
2023-01-13,Tram,Route_10,20:09,20:54,86,Station_14,Station_13,14
2023-01-13,Metro,Route_2,20:38,22:41,21,Station_8,Station_6,35
2023-01-13,Tram,Route_9,20:26,22:20,82,Station_10,Station_2,15
2023-01-13,Train,Route_9,14:15,16:19,5,Station_18,Station_20,64
2023-01-13,Bus,Route_1,13:36,14:50,67,Station_9,Station_2,29
2023-01-13,Bus,Route_6,05:47,08:49,76,Station_9,Station_9,66
2023-01-13,Metro,Route_7,06:22,08:32,40,Station_6,Station_11,26
2023-01-13,Bus,Route_10,16:38,17:52,2,Station_6,Station_16,62
2023-01-13,Metro,Route_10,06:11,08:26,31,Station_14,Station_5,31
2023-01-13,Bus,Route_7,08:48,11:36,66,Station_16,Station_14,48
2023-01-13,Bus,Route_5,22:41,25:05,62,Station_18,Station_16,34
2023-01-13,Bus,Route_1,16:30,18:08,30,Station_13,Station_11,38
2023-01-13,Bus,Route_10,14:26,15:23,21,Station_18,Station_12,33
2023-01-13,Train,Route_7,10:50,12:06,95,Station_7,Station_7,60
2023-01-13,Tram,Route_8,08:03,09:41,72,Station_5,Station_6,20
2023-01-13,Train,Route_4,16:41,18:31,16,Station_15,Station_4,55
2023-01-13,Metro,Route_1,10:19,11:39,77,Station_6,Station_8,52
2023-01-13,Train,Route_8,18:30,20:31,61,Station_11,Station_12,29
2023-01-13,Bus,Route_9,11:07,12:30,62,Station_1,Station_5,36
2023-01-13,Tram,Route_7,09:52,10:41,96,Station_17,Station_16,36
2023-01-13,Tram,Route_9,12:30,14:57,91,Station_5,Station_13,33
2023-01-14,Tram,Route_5,12:24,13:09,37,Station_17,Station_1,5
2023-01-14,Bus,Route_1,18:57,20:40,74,Station_5,Station_15,3
2023-01-14,Tram,Route_8,19:54,20:25,14,Station_18,Station_14,3
2023-01-14,Bus,Route_4,09:35,10:37,9,Station_11,Station_6,14
2023-01-14,Tram,Route_7,09:19,10:53,5,Station_5,Station_10,9
2023-01-14,Bus,Route_3,15:12,16:19,60,Station_8,Station_19,11
2023-01-14,Bus,Route_8,14:05,14:23,78,Station_14,Station_8,6
2023-01-14,Train,Route_5,17:02,18:43,71,Station_20,Station_1,9
2023-01-14,Train,Route_9,19:14,20:15,86,Station_17,Station_7,5
2023-01-14,Metro,Route_8,15:26,17:03,16,Station_1,Station_1,0
2023-01-14,Metro,Route_1,15:54,16:36,5,Station_15,Station_18,6
2023-01-14,Metro,Route_5,09:14,10:16,99,Station_14,Station_15,12
2023-01-14,Bus,Route_9,13:11,14:57,96,Station_9,Station_11,9
2023-01-14,Tram,Route_6,14:47,16:02,59,Station_20,Station_1,2
2023-01-14,Metro,Route_2,06:02,07:07,49,Station_8,Station_11,4
2023-01-14,Train,Route_6,22:05,23:07,22,Station_13,Station_11,7
2023-01-14,Bus,Route_6,15:20,15:35,43,Station_12,Station_19,4
2023-01-14,Bus,Route_7,13:33,15:01,64,Station_1,Station_12,13
2023-01-14,Tram,Route_6,10:43,11:11,71,Station_20,Station_3,5
2023-01-14,Tram,Route_2,08:21,10:15,85,Station_17,Station_18,15
2023-01-14,Train,Route_7,05:26,06:19,60,Station_15,Station_1,0
2023-01-14,Train,Route_3,14:07,15:51,33,Station_17,Station_16,11
2023-01-14,Bus,Route_1,03:08,04:37,98,Station_14,Station_1,12
2023-01-14,Metro,Route_8,08:24,08:54,65,Station_14,Station_14,4
2023-01-14,Train,Route_3,22:42,23:04,8,Station_1,Station_6,11
2023-01-14,Metro,Route_7,19:45,21:42,97,Station_6,Station_3,8
2023-01-14,Metro,Route_4,14:49,16:26,93,Station_7,Station_14,1
2023-01-14,Metro,Route_5,10:06,11:28,70,Station_20,Station_1,0
2023-01-14,Bus,Route_7,16:51,17:51,41,Station_15,Station_7,2
2023-01-14,Tram,Route_8,16:17,17:49,84,Station_12,Station_16,11
2023-01-14,Train,Route_6,19:50,20:51,70,Station_8,Station_8,11
2023-01-14,Bus,Route_8,13:30,15:23,82,Station_2,Station_10,13
2023-01-15,Tram,Route_5,20:38,21:28,69,Station_15,Station_13,45
2023-01-15,Metro,Route_7,14:51,17:02,99,Station_17,Station_15,30
2023-01-15,Bus,Route_4,17:55,19:24,39,Station_6,Station_4,42
2023-01-15,Bus,Route_10,14:34,16:57,26,Station_11,Station_10,68
2023-01-15,Train,Route_1,20:04,21:27,57,Station_17,Station_5,48
2023-01-15,Train,Route_7,14:59,16:44,65,Station_8,Station_10,42
2023-01-15,Bus,Route_10,18:51,20:38,76,Station_20,Station_13,19
2023-01-15,Tram,Route_7,09:43,11:37,54,Station_9,Station_19,46
2023-01-15,Tram,Route_5,16:24,18:19,48,Station_11,Station_11,33
2023-01-15,Bus,Route_3,16:03,17:51,100,Station_9,Station_3,46
2023-01-15,Train,Route_4,17:33,19:46,97,Station_4,Station_5,39
2023-01-15,Tram,Route_1,09:46,11:33,84,Station_4,Station_19,60
2023-01-15,Bus,Route_1,05:37,07:04,42,Station_14,Station_15,60
2023-01-15,Train,Route_7,10:28,10:59,46,Station_13,Station_7,21
2023-01-15,Train,Route_2,15:54,18:03,66,Station_12,Station_3,63
2023-01-15,Tram,Route_2,17:10,19:45,66,Station_14,Station_10,37
2023-01-15,Train,Route_3,12:27,14:21,1,Station_2,Station_15,46
2023-01-15,Tram,Route_5,14:24,17:05,36,Station_9,Station_9,62
2023-01-15,Metro,Route_2,17:23,19:40,72,Station_16,Station_14,64
2023-01-15,Tram,Route_6,07:32,10:05,42,Station_9,Station_16,45
2023-01-15,Metro,Route_2,17:59,19:39,76,Station_7,Station_1,26
2023-01-15,Tram,Route_6,10:15,11:30,99,Station_17,Station_10,48
2023-01-15,Metro,Route_8,19:10,20:26,92,Station_11,Station_9,56
2023-01-15,Bus,Route_4,21:16,23:57,88,Station_5,Station_13,62
2023-01-15,Train,Route_8,09:26,11:45,21,Station_11,Station_14,19
2023-01-15,Metro,Route_8,22:34,24:41,83,Station_8,Station_13,21
2023-01-15,Tram,Route_1,08:06,10:29,64,Station_17,Station_14,27
2023-01-15,Bus,Route_4,20:33,23:23,85,Station_9,Station_8,51
2023-01-15,Bus,Route_3,16:36,17:54,45,Station_14,Station_3,30
2023-01-15,Bus,Route_6,18:10,21:04,47,Station_10,Station_6,62
2023-01-15,Metro,Route_10,17:13,18:14,68,Station_5,Station_20,32
2023-01-15,Bus,Route_2,10:19,12:20,98,Station_10,Station_18,30
2023-01-16,Train,Route_1,11:05,12:13,5,Station_7,Station_14,12
2023-01-16,Tram,Route_10,10:21,11:29,70,Station_20,Station_11,8
2023-01-16,Metro,Route_3,07:01,08:37,76,Station_9,Station_5,10
2023-01-16,Bus,Route_2,20:31,22:08,10,Station_16,Station_7,7
2023-01-16,Tram,Route_1,13:42,15:00,87,Station_2,Station_20,0
2023-01-16,Metro,Route_3,12:00,13:06,96,Station_3,Station_1,9
2023-01-16,Tram,Route_3,05:06,06:56,6,Station_5,Station_8,1
2023-01-16,Train,Route_6,11:00,12:14,62,Station_12,Station_18,1
2023-01-16,Train,Route_7,06:49,08:29,37,Station_8,Station_4,8
2023-01-16,Tram,Route_6,16:20,17:31,23,Station_19,Station_11,11
2023-01-16,Tram,Route_8,09:38,11:35,95,Station_13,Station_3,15
2023-01-16,Bus,Route_9,06:36,06:41,55,Station_3,Station_1,2
2023-01-16,Metro,Route_5,15:46,17:50,73,Station_1,Station_18,9
2023-01-16,Tram,Route_8,11:48,12:20,34,Station_20,Station_16,0
2023-01-16,Metro,Route_5,07:28,08:36,45,Station_13,Station_16,1
2023-01-16,Bus,Route_6,05:17,05:56,47,Station_1,Station_3,1
2023-01-16,Train,Route_3,13:47,14:20,61,Station_3,Station_10,11
2023-01-16,Bus,Route_3,16:55,17:25,33,Station_3,Station_16,13
2023-01-16,Bus,Route_2,13:44,14:16,53,Station_5,Station_18,1
2023-01-16,Train,Route_10,19:05,19:27,99,Station_19,Station_3,9
2023-01-16,Metro,Route_4,06:38,07:40,83,Station_5,Station_2,0
2023-01-16,Bus,Route_7,05:52,07:54,58,Station_1,Station_3,5
2023-01-16,Bus,Route_8,19:18,21:05,22,Station_5,Station_14,14
2023-01-16,Train,Route_1,22:24,23:09,80,Station_9,Station_17,15
2023-01-16,Tram,Route_1,05:04,06:39,60,Station_5,Station_1,3
2023-01-16,Train,Route_5,08:55,09:13,23,Station_7,Station_11,2
2023-01-16,Metro,Route_8,05:53,07:08,66,Station_7,Station_17,10
2023-01-16,Tram,Route_6,09:21,11:05,20,Station_11,Station_11,10
2023-01-16,Metro,Route_7,14:17,16:21,53,Station_7,Station_10,7
2023-01-16,Tram,Route_8,05:15,06:07,99,Station_9,Station_11,3
2023-01-16,Tram,Route_2,10:55,12:23,41,Station_19,Station_20,1
2023-01-16,Metro,Route_8,16:45,17:11,32,Station_7,Station_18,9
2023-01-17,Metro,Route_2,11:57,12:36,67,Station_7,Station_5,1
2023-01-17,Metro,Route_8,12:12,13:33,96,Station_16,Station_20,8
2023-01-17,Tram,Route_10,13:53,15:26,27,Station_14,Station_5,15
2023-01-17,Metro,Route_6,06:00,07:05,24,Station_2,Station_17,0
2023-01-17,Metro,Route_4,08:18,09:30,41,Station_11,Station_15,5
2023-01-17,Bus,Route_4,14:13,16:12,50,Station_2,Station_12,13
2023-01-17,Tram,Route_9,09:39,10:17,51,Station_13,Station_14,14
2023-01-17,Bus,Route_3,03:17,03:45,63,Station_11,Station_19,4
2023-01-17,Metro,Route_7,10:53,11:13,56,Station_7,Station_6,2
2023-01-17,Tram,Route_9,14:30,16:32,56,Station_10,Station_10,11
2023-01-17,Bus,Route_4,09:35,10:56,35,Station_7,Station_3,6
2023-01-17,Tram,Route_10,14:39,16:01,1,Station_18,Station_15,3
2023-01-17,Bus,Route_8,06:42,08:22,52,Station_7,Station_1,2
2023-01-17,Train,Route_1,10:53,11:39,19,Station_13,Station_5,2
2023-01-17,Tram,Route_2,20:51,22:21,22,Station_3,Station_14,11
2023-01-17,Train,Route_3,22:54,24:21,5,Station_14,Station_7,4
2023-01-17,Bus,Route_10,09:19,10:05,3,Station_11,Station_3,4
2023-01-17,Bus,Route_4,07:58,08:19,41,Station_10,Station_3,4
2023-01-17,Bus,Route_2,16:06,17:59,77,Station_1,Station_15,6
2023-01-17,Bus,Route_1,22:40,23:38,77,Station_9,Station_1,10
2023-01-17,Train,Route_2,20:04,21:42,79,Station_19,Station_1,7
2023-01-17,Tram,Route_2,16:13,17:03,35,Station_2,Station_5,15
2023-01-17,Bus,Route_6,15:01,15:41,21,Station_1,Station_13,7
2023-01-17,Metro,Route_8,21:33,22:07,20,Station_11,Station_8,5
2023-01-17,Bus,Route_7,16:59,17:53,96,Station_7,Station_3,0
2023-01-17,Tram,Route_3,22:40,24:07,59,Station_17,Station_14,14
2023-01-17,Tram,Route_1,06:07,07:27,76,Station_1,Station_5,3
2023-01-17,Tram,Route_8,14:49,17:01,51,Station_6,Station_20,14
2023-01-17,Tram,Route_9,10:36,11:05,45,Station_7,Station_11,12
2023-01-17,Train,Route_10,12:22,13:44,18,Station_11,Station_5,9
2023-01-17,Bus,Route_5,17:56,18:10,5,Station_10,Station_10,2
2023-01-17,Bus,Route_8,08:55,10:48,40,Station_20,Station_13,4
2023-01-18,Metro,Route_6,09:19,10:15,6,Station_11,Station_1,0
2023-01-18,Bus,Route_1,10:31,11:35,82,Station_2,Station_12,4
2023-01-18,Metro,Route_7,15:36,15:40,80,Station_7,Station_14,0
2023-01-18,Train,Route_1,20:44,22:23,94,Station_1,Station_17,0
2023-01-18,Tram,Route_4,07:52,09:23,72,Station_2,Station_4,5
2023-01-18,Bus,Route_5,19:02,20:32,19,Station_6,Station_12,8
2023-01-18,Bus,Route_7,12:15,13:24,9,Station_14,Station_14,5
2023-01-18,Tram,Route_9,18:47,19:59,34,Station_20,Station_2,15
2023-01-18,Tram,Route_8,21:56,23:52,50,Station_3,Station_12,8
2023-01-18,Metro,Route_4,20:35,20:46,98,Station_20,Station_3,9
2023-01-18,Train,Route_10,15:26,16:06,61,Station_12,Station_8,13
2023-01-18,Train,Route_2,18:22,20:08,10,Station_5,Station_2,9
2023-01-18,Tram,Route_10,15:24,16:10,54,Station_17,Station_3,15
2023-01-18,Train,Route_5,11:02,13:08,30,Station_17,Station_19,9
2023-01-18,Metro,Route_9,17:45,17:49,80,Station_13,Station_20,3
2023-01-18,Tram,Route_10,22:03,22:55,13,Station_2,Station_17,3
2023-01-18,Tram,Route_2,08:35,10:01,52,Station_1,Station_17,15
2023-01-18,Bus,Route_3,08:02,08:07,95,Station_20,Station_1,1
2023-01-18,Train,Route_2,10:53,11:18,17,Station_5,Station_8,10
2023-01-18,Bus,Route_4,03:31,05:33,84,Station_1,Station_18,7
2023-01-18,Tram,Route_1,20:28,21:36,12,Station_7,Station_6,10
2023-01-18,Metro,Route_2,18:16,20:10,3,Station_15,Station_9,2
2023-01-18,Train,Route_10,16:01,17:10,44,Station_20,Station_7,9
2023-01-18,Bus,Route_7,20:51,22:30,5,Station_14,Station_1,15
2023-01-18,Train,Route_2,09:28,11:20,74,Station_9,Station_1,5
2023-01-18,Metro,Route_5,20:08,21:17,33,Station_5,Station_12,4
2023-01-18,Bus,Route_7,10:54,12:28,81,Station_13,Station_13,1
2023-01-18,Bus,Route_6,08:44,10:25,88,Station_4,Station_20,14
2023-01-18,Metro,Route_2,19:40,20:05,87,Station_5,Station_20,6
2023-01-18,Metro,Route_6,21:17,23:14,27,Station_5,Station_2,5
2023-01-18,Train,Route_10,09:08,09:28,77,Station_8,Station_5,10
2023-01-18,Train,Route_10,14:52,16:08,70,Station_15,Station_10,0
2023-01-19,Metro,Route_4,17:40,18:32,40,Station_6,Station_5,9
2023-01-19,Tram,Route_10,19:01,20:20,72,Station_17,Station_9,8
2023-01-19,Train,Route_2,19:11,19:18,55,Station_10,Station_17,6
2023-01-19,Train,Route_5,20:53,22:37,93,Station_13,Station_14,2
2023-01-19,Bus,Route_1,20:17,21:27,84,Station_8,Station_6,10
2023-01-19,Metro,Route_8,21:51,23:42,23,Station_7,Station_16,12
2023-01-19,Metro,Route_10,10:40,12:10,78,Station_15,Station_18,3
2023-01-19,Metro,Route_1,19:44,20:01,77,Station_15,Station_3,4
2023-01-19,Tram,Route_6,19:53,20:06,42,Station_14,Station_18,12
2023-01-19,Metro,Route_4,18:43,19:45,59,Station_16,Station_12,0
2023-01-19,Metro,Route_6,05:03,07:05,100,Station_16,Station_16,6
2023-01-19,Bus,Route_7,09:10,10:41,25,Station_20,Station_14,5
2023-01-19,Train,Route_4,05:30,06:54,2,Station_7,Station_14,2
2023-01-19,Tram,Route_7,10:39,11:01,60,Station_20,Station_7,12
2023-01-19,Metro,Route_7,22:56,24:06,2,Station_13,Station_5,11
2023-01-19,Tram,Route_3,08:02,08:17,76,Station_14,Station_10,14
2023-01-19,Train,Route_9,07:51,09:06,92,Station_17,Station_10,15
2023-01-19,Bus,Route_6,03:39,04:19,51,Station_7,Station_17,9
2023-01-19,Train,Route_3,20:00,21:21,13,Station_15,Station_5,12
2023-01-19,Bus,Route_2,15:13,15:15,94,Station_16,Station_8,0
2023-01-19,Bus,Route_4,13:53,14:41,14,Station_7,Station_8,7
2023-01-19,Train,Route_10,20:56,22:04,94,Station_18,Station_2,4
2023-01-19,Bus,Route_1,05:47,07:26,14,Station_14,Station_3,1
2023-01-19,Tram,Route_4,12:40,14:42,96,Station_13,Station_7,7
2023-01-19,Train,Route_1,22:45,23:11,83,Station_6,Station_18,4
2023-01-19,Tram,Route_8,21:45,23:47,54,Station_2,Station_1,11
2023-01-19,Bus,Route_8,19:05,19:40,30,Station_19,Station_3,14
2023-01-19,Tram,Route_1,06:32,07:00,70,Station_6,Station_9,11
2023-01-19,Tram,Route_2,14:28,15:54,32,Station_3,Station_14,14
2023-01-19,Tram,Route_6,19:25,20:10,72,Station_6,Station_3,7
2023-01-19,Metro,Route_4,08:07,10:07,25,Station_10,Station_2,9
2023-01-19,Tram,Route_2,19:09,21:06,59,Station_9,Station_5,3
2023-01-20,Train,Route_10,05:08,05:26,19,Station_7,Station_15,15
2023-01-20,Bus,Route_5,21:05,21:56,46,Station_17,Station_18,2
2023-01-20,Bus,Route_2,15:40,16:59,27,Station_7,Station_13,14
2023-01-20,Bus,Route_10,07:25,08:17,13,Station_6,Station_2,8
2023-01-20,Tram,Route_6,22:47,23:42,89,Station_16,Station_16,11
2023-01-20,Bus,Route_2,07:16,08:21,65,Station_20,Station_11,14
2023-01-20,Bus,Route_2,19:43,21:15,80,Station_8,Station_13,2
2023-01-20,Tram,Route_10,19:37,20:53,5,Station_10,Station_16,5
2023-01-20,Tram,Route_4,09:45,11:20,39,Station_1,Station_13,13
2023-01-20,Bus,Route_3,22:39,24:11,52,Station_7,Station_10,6
2023-01-20,Train,Route_8,06:52,07:18,68,Station_3,Station_15,13
2023-01-20,Bus,Route_4,10:09,12:12,49,Station_17,Station_17,11
2023-01-20,Train,Route_9,05:31,06:30,93,Station_12,Station_2,9
2023-01-20,Bus,Route_5,17:25,18:33,50,Station_3,Station_4,15
2023-01-20,Train,Route_8,08:59,09:53,28,Station_12,Station_19,1
2023-01-20,Metro,Route_6,20:37,22:07,24,Station_18,Station_12,11
2023-01-20,Metro,Route_2,08:30,08:35,1,Station_10,Station_12,3
2023-01-20,Train,Route_3,09:12,10:03,72,Station_5,Station_12,6
2023-01-20,Bus,Route_8,09:42,10:26,75,Station_7,Station_19,0
2023-01-20,Metro,Route_1,18:38,18:49,77,Station_16,Station_16,0
2023-01-20,Train,Route_4,20:59,21:58,90,Station_13,Station_11,12
2023-01-20,Tram,Route_6,13:57,14:31,13,Station_17,Station_17,12
2023-01-20,Train,Route_6,12:47,14:20,11,Station_9,Station_3,13
2023-01-20,Tram,Route_7,07:31,08:38,91,Station_12,Station_7,13
2023-01-20,Train,Route_4,16:28,17:39,87,Station_10,Station_16,7
2023-01-20,Bus,Route_9,03:55,06:06,46,Station_9,Station_19,13
2023-01-20,Bus,Route_2,15:31,17:39,54,Station_5,Station_19,9
2023-01-20,Metro,Route_5,10:58,11:46,61,Station_9,Station_14,14
2023-01-20,Metro,Route_2,07:10,08:47,71,Station_17,Station_15,12
2023-01-20,Tram,Route_9,21:43,23:01,37,Station_15,Station_14,14
2023-01-20,Train,Route_6,17:54,19:26,54,Station_1,Station_11,13
2023-01-20,Metro,Route_2,06:59,07:09,39,Station_18,Station_11,7
2023-01-21,Metro,Route_7,05:46,06:35,33,Station_20,Station_4,13
2023-01-21,Bus,Route_4,07:21,09:21,43,Station_4,Station_5,4
2023-01-21,Train,Route_5,06:21,06:41,71,Station_8,Station_9,7
2023-01-21,Bus,Route_10,14:36,14:54,95,Station_19,Station_20,6
2023-01-21,Tram,Route_8,12:27,14:12,8,Station_14,Station_12,9
2023-01-21,Train,Route_2,09:55,11:07,45,Station_10,Station_17,9
2023-01-21,Tram,Route_4,20:53,21:47,33,Station_18,Station_11,4
2023-01-21,Train,Route_2,07:32,08:30,47,Station_9,Station_16,8
2023-01-21,Train,Route_8,11:57,14:06,7,Station_10,Station_1,15
2023-01-21,Train,Route_3,13:44,15:28,92,Station_3,Station_20,4
2023-01-21,Metro,Route_9,19:27,19:49,90,Station_16,Station_14,10
2023-01-21,Tram,Route_4,14:27,16:05,27,Station_15,Station_3,3
2023-01-21,Metro,Route_10,09:55,11:59,64,Station_16,Station_15,13
2023-01-21,Tram,Route_4,16:10,17:44,70,Station_8,Station_5,11
2023-01-21,Metro,Route_7,19:18,21:02,73,Station_4,Station_9,0
2023-01-21,Tram,Route_10,14:10,15:20,9,Station_13,Station_16,2
2023-01-21,Tram,Route_10,12:13,14:17,89,Station_16,Station_10,8
2023-01-21,Bus,Route_7,03:27,05:07,93,Station_2,Station_19,14
2023-01-21,Bus,Route_5,09:00,10:28,92,Station_15,Station_19,9
2023-01-21,Train,Route_8,19:22,20:14,62,Station_14,Station_13,7
2023-01-21,Metro,Route_1,16:13,18:13,93,Station_1,Station_8,5
2023-01-21,Metro,Route_10,22:52,24:17,87,Station_19,Station_15,14
2023-01-21,Bus,Route_4,08:11,09:22,67,Station_8,Station_15,14
2023-01-21,Bus,Route_5,10:26,11:03,42,Station_5,Station_5,11
2023-01-21,Metro,Route_7,19:19,19:29,57,Station_10,Station_14,5
2023-01-21,Tram,Route_1,14:26,14:56,64,Station_17,Station_19,0
2023-01-21,Train,Route_8,20:59,22:32,38,Station_15,Station_1,1
2023-01-21,Bus,Route_8,16:30,18:00,53,Station_10,Station_15,6
2023-01-21,Bus,Route_7,06:38,07:06,14,Station_20,Station_4,0
2023-01-21,Metro,Route_7,19:56,21:05,61,Station_19,Station_18,1
2023-01-21,Train,Route_4,07:22,09:27,11,Station_3,Station_1,14
2023-01-21,Bus,Route_6,15:09,16:03,67,Station_3,Station_20,4
2023-01-22,Tram,Route_10,11:15,12:34,70,Station_12,Station_12,43
2023-01-22,Metro,Route_4,08:26,09:03,33,Station_14,Station_11,18
2023-01-22,Train,Route_5,21:17,22:52,11,Station_15,Station_11,67
2023-01-22,Train,Route_3,12:37,14:25,30,Station_9,Station_8,59
2023-01-22,Tram,Route_3,13:19,15:58,68,Station_11,Station_17,59
2023-01-22,Train,Route_6,11:37,12:08,36,Station_3,Station_7,29
2023-01-22,Train,Route_1,09:23,11:34,33,Station_14,Station_12,35
2023-01-22,Metro,Route_10,17:43,19:09,92,Station_3,Station_6,45
2023-01-22,Metro,Route_2,16:48,18:06,14,Station_14,Station_3,60
2023-01-22,Tram,Route_9,17:17,19:18,83,Station_7,Station_19,15
2023-01-22,Bus,Route_8,11:15,12:33,81,Station_4,Station_2,48
2023-01-22,Metro,Route_9,14:21,16:01,80,Station_18,Station_8,45
2023-01-22,Train,Route_1,20:55,22:56,56,Station_16,Station_8,41
2023-01-22,Tram,Route_5,16:56,18:32,9,Station_2,Station_14,27
2023-01-22,Train,Route_2,11:38,13:25,10,Station_10,Station_4,54
2023-01-22,Train,Route_2,06:05,09:00,91,Station_8,Station_12,62
2023-01-22,Metro,Route_3,06:30,08:51,27,Station_2,Station_13,55
2023-01-22,Train,Route_9,06:03,07:47,10,Station_12,Station_19,33
2023-01-22,Bus,Route_2,20:00,22:01,85,Station_7,Station_16,68
2023-01-22,Tram,Route_7,13:41,14:37,37,Station_2,Station_13,26
2023-01-22,Train,Route_6,12:34,14:01,38,Station_10,Station_10,74
2023-01-22,Tram,Route_3,21:51,22:58,12,Station_9,Station_2,26
2023-01-22,Tram,Route_8,18:31,20:17,50,Station_6,Station_4,23
2023-01-22,Metro,Route_8,10:08,10:38,18,Station_13,Station_12,28
2023-01-22,Metro,Route_7,08:28,10:35,39,Station_7,Station_4,33
2023-01-22,Train,Route_3,09:04,09:46,81,Station_19,Station_9,19
2023-01-22,Metro,Route_3,14:46,15:23,11,Station_8,Station_15,19
2023-01-22,Bus,Route_3,14:26,15:26,46,Station_12,Station_4,26
2023-01-22,Tram,Route_5,22:36,23:17,47,Station_13,Station_4,26
2023-01-22,Metro,Route_9,07:58,08:56,25,Station_6,Station_10,57
2023-01-22,Tram,Route_4,10:38,12:03,66,Station_9,Station_19,54
2023-01-22,Bus,Route_6,21:43,23:06,17,Station_17,Station_16,25
2023-01-23,Tram,Route_7,22:00,22:46,71,Station_17,Station_12,6
2023-01-23,Bus,Route_9,06:03,07:49,30,Station_2,Station_5,0
2023-01-23,Tram,Route_5,05:57,06:41,91,Station_12,Station_12,7
2023-01-23,Train,Route_6,15:07,16:36,68,Station_16,Station_19,5
2023-01-23,Bus,Route_5,19:34,20:11,41,Station_16,Station_5,1
2023-01-23,Tram,Route_4,08:28,10:39,39,Station_17,Station_10,15
2023-01-23,Metro,Route_7,05:55,06:34,70,Station_16,Station_14,1
2023-01-23,Train,Route_4,20:11,20:58,86,Station_11,Station_3,15
2023-01-23,Tram,Route_1,08:22,09:36,79,Station_7,Station_16,9
2023-01-23,Tram,Route_5,18:43,19:55,7,Station_3,Station_4,15
2023-01-23,Bus,Route_10,21:19,22:26,74,Station_3,Station_15,13
2023-01-23,Metro,Route_2,21:11,21:38,6,Station_7,Station_17,6
2023-01-23,Metro,Route_6,19:22,20:13,77,Station_16,Station_12,12
2023-01-23,Metro,Route_6,22:58,24:30,13,Station_10,Station_18,2
2023-01-23,Bus,Route_3,17:41,18:03,9,Station_15,Station_16,10
2023-01-23,Bus,Route_5,03:43,04:05,70,Station_16,Station_18,5
2023-01-23,Train,Route_10,22:55,24:36,14,Station_10,Station_8,7
2023-01-23,Metro,Route_3,18:35,20:22,49,Station_16,Station_5,1
2023-01-23,Train,Route_4,15:14,15:56,11,Station_18,Station_1,11
2023-01-23,Train,Route_1,14:38,15:17,81,Station_13,Station_19,9
2023-01-23,Bus,Route_5,09:39,11:38,67,Station_5,Station_5,6
2023-01-23,Tram,Route_9,14:35,15:13,100,Station_2,Station_3,3
2023-01-23,Bus,Route_9,13:17,13:38,20,Station_19,Station_12,3
2023-01-23,Tram,Route_10,16:13,18:18,21,Station_8,Station_10,7
2023-01-23,Bus,Route_5,11:06,13:10,67,Station_8,Station_4,8
2023-01-23,Metro,Route_8,07:46,08:01,38,Station_8,Station_6,5
2023-01-23,Tram,Route_10,17:27,19:05,59,Station_11,Station_2,7
2023-01-23,Metro,Route_7,12:55,14:17,80,Station_8,Station_15,9
2023-01-23,Metro,Route_9,14:55,16:09,46,Station_13,Station_10,1
2023-01-23,Bus,Route_9,06:21,08:00,52,Station_14,Station_19,1
2023-01-23,Bus,Route_2,07:54,09:08,17,Station_19,Station_1,8
2023-01-23,Metro,Route_3,13:48,15:17,53,Station_16,Station_10,0
2023-01-24,Bus,Route_7,07:48,08:39,44,Station_16,Station_6,1
2023-01-24,Bus,Route_7,16:25,18:08,84,Station_20,Station_11,9
2023-01-24,Train,Route_3,21:46,22:56,26,Station_19,Station_8,5
2023-01-24,Train,Route_6,18:50,20:30,8,Station_19,Station_15,1
2023-01-24,Bus,Route_6,12:19,13:21,20,Station_7,Station_10,9
2023-01-24,Metro,Route_2,11:08,12:11,53,Station_18,Station_9,2
2023-01-24,Train,Route_3,16:30,18:16,28,Station_15,Station_19,15
2023-01-24,Bus,Route_7,10:55,11:57,90,Station_12,Station_13,4
2023-01-24,Bus,Route_2,13:52,15:43,79,Station_19,Station_19,1
2023-01-24,Train,Route_5,16:45,18:44,22,Station_19,Station_4,2
2023-01-24,Bus,Route_3,14:37,15:01,18,Station_16,Station_15,7
2023-01-24,Train,Route_4,16:30,16:42,33,Station_9,Station_16,8
2023-01-24,Tram,Route_2,14:20,15:14,97,Station_18,Station_6,1
2023-01-24,Tram,Route_2,22:26,23:55,7,Station_5,Station_8,7
2023-01-24,Bus,Route_7,20:02,21:58,68,Station_18,Station_9,4
2023-01-24,Tram,Route_5,09:37,11:01,90,Station_6,Station_12,3
2023-01-24,Tram,Route_5,20:18,21:23,95,Station_6,Station_10,1
2023-01-24,Tram,Route_1,07:53,09:09,19,Station_14,Station_10,14
2023-01-24,Bus,Route_9,06:19,07:16,14,Station_20,Station_8,12
2023-01-24,Train,Route_2,08:48,09:31,34,Station_5,Station_11,14
2023-01-24,Bus,Route_6,20:33,21:38,4,Station_17,Station_8,8
2023-01-24,Bus,Route_3,05:58,06:54,64,Station_4,Station_4,7
2023-01-24,Metro,Route_3,06:45,08:24,62,Station_15,Station_4,13
2023-01-24,Bus,Route_6,06:39,07:31,59,Station_9,Station_13,3
2023-01-24,Bus,Route_9,16:42,17:29,40,Station_12,Station_13,3
2023-01-24,Tram,Route_2,10:07,11:09,21,Station_3,Station_19,1
2023-01-24,Train,Route_5,12:24,13:32,65,Station_11,Station_9,11
2023-01-24,Tram,Route_1,06:00,07:47,20,Station_13,Station_15,10
2023-01-24,Bus,Route_6,17:32,18:40,6,Station_19,Station_17,15
2023-01-24,Bus,Route_9,19:27,20:13,84,Station_12,Station_16,9
2023-01-24,Tram,Route_5,21:17,22:29,9,Station_15,Station_11,15
2023-01-24,Tram,Route_6,14:52,16:23,65,Station_19,Station_3,6
2023-01-25,Bus,Route_10,07:42,09:02,87,Station_20,Station_7,4
2023-01-25,Train,Route_3,07:37,07:49,87,Station_14,Station_2,0
2023-01-25,Tram,Route_1,09:20,10:18,85,Station_9,Station_13,13
2023-01-25,Tram,Route_8,07:40,09:19,95,Station_13,Station_16,9
2023-01-25,Bus,Route_4,13:03,14:08,39,Station_14,Station_17,8
2023-01-25,Bus,Route_1,17:48,18:39,32,Station_16,Station_3,2
2023-01-25,Train,Route_5,22:17,24:04,98,Station_1,Station_8,7
2023-01-25,Tram,Route_4,22:17,23:07,93,Station_8,Station_6,13
2023-01-25,Train,Route_4,05:53,07:19,48,Station_15,Station_11,8
2023-01-25,Metro,Route_10,21:45,23:33,80,Station_2,Station_18,8
2023-01-25,Bus,Route_6,15:38,17:33,30,Station_2,Station_15,1
2023-01-25,Train,Route_10,09:41,10:42,39,Station_1,Station_13,7
2023-01-25,Train,Route_1,05:51,07:44,18,Station_6,Station_15,6
2023-01-25,Train,Route_3,07:31,07:54,3,Station_3,Station_18,3
2023-01-25,Train,Route_4,09:37,10:01,17,Station_6,Station_16,12
2023-01-25,Metro,Route_7,08:23,09:11,79,Station_6,Station_14,5
2023-01-25,Train,Route_3,08:11,09:30,39,Station_6,Station_4,8
2023-01-25,Bus,Route_1,05:36,06:31,23,Station_3,Station_5,14
2023-01-25,Bus,Route_1,09:18,11:24,82,Station_15,Station_18,12
2023-01-25,Tram,Route_1,08:00,08:23,44,Station_14,Station_13,11
2023-01-25,Metro,Route_2,22:24,24:14,82,Station_2,Station_18,4
2023-01-25,Tram,Route_3,08:31,10:22,65,Station_11,Station_20,4
2023-01-25,Train,Route_8,20:44,21:39,57,Station_3,Station_7,0
2023-01-25,Tram,Route_1,15:45,17:41,89,Station_15,Station_14,3
2023-01-25,Metro,Route_9,14:17,15:09,35,Station_10,Station_12,14
2023-01-25,Tram,Route_10,05:22,06:57,56,Station_9,Station_13,8
2023-01-25,Tram,Route_8,07:26,08:38,55,Station_12,Station_4,15
2023-01-25,Train,Route_8,06:32,07:45,17,Station_4,Station_9,10
2023-01-25,Bus,Route_3,13:57,14:57,36,Station_20,Station_17,4
2023-01-25,Bus,Route_2,06:14,06:54,76,Station_7,Station_7,5
2023-01-25,Metro,Route_6,15:33,16:33,63,Station_4,Station_10,2
2023-01-25,Metro,Route_5,22:07,22:49,29,Station_20,Station_20,10
2023-01-26,Train,Route_8,21:18,21:48,26,Station_20,Station_9,3
2023-01-26,Train,Route_1,07:35,08:54,16,Station_18,Station_12,13
2023-01-26,Bus,Route_7,08:31,10:06,17,Station_14,Station_3,10
2023-01-26,Tram,Route_4,13:33,14:02,48,Station_20,Station_20,15
2023-01-26,Metro,Route_4,20:04,21:47,83,Station_6,Station_20,14
2023-01-26,Bus,Route_6,06:21,07:28,19,Station_16,Station_18,4
2023-01-26,Train,Route_8,21:53,23:10,21,Station_13,Station_10,12
2023-01-26,Bus,Route_5,15:40,17:45,76,Station_15,Station_4,7
2023-01-26,Bus,Route_10,19:44,20:07,67,Station_5,Station_19,8
2023-01-26,Train,Route_1,10:07,10:51,23,Station_5,Station_19,6
2023-01-26,Bus,Route_9,15:05,16:13,57,Station_15,Station_7,3
2023-01-26,Tram,Route_7,10:50,11:08,9,Station_6,Station_15,0
2023-01-26,Bus,Route_9,19:14,19:48,59,Station_10,Station_3,10
2023-01-26,Bus,Route_1,22:18,24:25,33,Station_17,Station_19,7
2023-01-26,Bus,Route_3,18:25,19:26,14,Station_18,Station_10,13
2023-01-26,Bus,Route_4,20:26,22:01,40,Station_6,Station_20,12
2023-01-26,Tram,Route_10,17:27,18:30,8,Station_18,Station_9,1
2023-01-26,Tram,Route_6,06:32,08:27,93,Station_3,Station_19,14
2023-01-26,Tram,Route_2,19:19,21:10,44,Station_15,Station_15,15
2023-01-26,Bus,Route_3,13:40,15:20,52,Station_19,Station_7,10
2023-01-26,Tram,Route_2,11:22,12:54,23,Station_2,Station_4,10
2023-01-26,Bus,Route_8,21:49,22:06,55,Station_2,Station_11,7
2023-01-26,Metro,Route_10,12:07,12:59,58,Station_10,Station_9,1
2023-01-26,Tram,Route_7,07:36,08:48,44,Station_18,Station_6,0
2023-01-26,Tram,Route_7,18:30,18:48,50,Station_1,Station_5,3
2023-01-26,Tram,Route_4,22:28,23:14,37,Station_1,Station_11,1
2023-01-26,Bus,Route_1,09:51,11:46,12,Station_11,Station_4,2
2023-01-26,Tram,Route_6,10:49,13:01,60,Station_4,Station_20,13
2023-01-26,Train,Route_2,21:39,23:05,74,Station_10,Station_5,7
2023-01-26,Bus,Route_6,12:00,13:03,65,Station_18,Station_14,5
2023-01-26,Bus,Route_10,03:35,04:47,12,Station_11,Station_3,2
2023-01-26,Tram,Route_9,21:36,22:08,2,Station_19,Station_4,15
2023-01-27,Tram,Route_6,06:16,08:16,2,Station_10,Station_16,1
2023-01-27,Tram,Route_6,10:15,10:32,43,Station_2,Station_10,13
2023-01-27,Metro,Route_10,15:47,17:33,91,Station_11,Station_17,14
2023-01-27,Metro,Route_7,16:06,17:08,80,Station_11,Station_20,7
2023-01-27,Bus,Route_4,10:34,11:11,52,Station_11,Station_6,14
2023-01-27,Metro,Route_7,09:33,09:50,19,Station_2,Station_18,1
2023-01-27,Metro,Route_1,17:33,18:45,81,Station_20,Station_14,4
2023-01-27,Bus,Route_3,19:58,20:15,79,Station_18,Station_7,5
2023-01-27,Metro,Route_7,10:53,12:54,47,Station_19,Station_8,4
2023-01-27,Tram,Route_2,12:44,14:09,37,Station_17,Station_16,5
2023-01-27,Tram,Route_10,16:20,18:17,46,Station_1,Station_1,10
2023-01-27,Bus,Route_8,17:19,17:51,72,Station_13,Station_18,2
2023-01-27,Train,Route_3,13:21,13:43,26,Station_20,Station_6,1
2023-01-27,Metro,Route_2,19:28,20:12,5,Station_20,Station_4,15
2023-01-27,Tram,Route_5,07:51,09:13,60,Station_13,Station_15,8
2023-01-27,Train,Route_6,20:33,21:38,77,Station_20,Station_13,0
2023-01-27,Bus,Route_6,07:51,08:10,99,Station_10,Station_17,0
2023-01-27,Bus,Route_2,19:47,20:54,84,Station_11,Station_7,11
2023-01-27,Metro,Route_2,06:32,08:29,100,Station_8,Station_20,11
2023-01-27,Bus,Route_9,08:59,09:51,2,Station_14,Station_16,13
2023-01-27,Tram,Route_6,15:19,16:25,70,Station_18,Station_1,12
2023-01-27,Tram,Route_5,21:25,23:13,82,Station_11,Station_14,9
2023-01-27,Metro,Route_1,13:18,14:28,38,Station_8,Station_3,13
2023-01-27,Bus,Route_7,07:27,08:46,71,Station_5,Station_8,13
2023-01-27,Train,Route_8,10:57,11:24,94,Station_1,Station_19,4
2023-01-27,Metro,Route_2,14:25,15:59,99,Station_4,Station_3,6
2023-01-27,Train,Route_5,16:57,17:57,91,Station_7,Station_12,5
2023-01-27,Tram,Route_2,16:34,16:44,51,Station_5,Station_19,9
2023-01-27,Metro,Route_4,20:14,21:12,18,Station_2,Station_11,14
2023-01-27,Tram,Route_5,16:17,16:36,35,Station_15,Station_3,1
2023-01-27,Metro,Route_8,16:09,17:38,70,Station_12,Station_10,15
2023-01-27,Train,Route_10,09:11,10:32,25,Station_1,Station_17,15
2023-01-28,Tram,Route_1,07:27,07:40,46,Station_4,Station_13,12
2023-01-28,Bus,Route_5,11:39,13:38,43,Station_13,Station_5,5
2023-01-28,Bus,Route_9,13:13,14:14,82,Station_19,Station_7,1
2023-01-28,Bus,Route_8,22:09,23:04,67,Station_10,Station_1,8
2023-01-28,Tram,Route_6,12:40,13:55,7,Station_5,Station_9,8
2023-01-28,Metro,Route_4,12:09,14:21,15,Station_20,Station_6,13
2023-01-28,Tram,Route_5,13:48,14:35,36,Station_1,Station_17,7
2023-01-28,Tram,Route_3,14:00,16:03,39,Station_8,Station_20,12
2023-01-28,Bus,Route_2,08:16,09:06,1,Station_19,Station_1,4
2023-01-28,Bus,Route_8,03:42,03:58,71,Station_20,Station_7,12
2023-01-28,Metro,Route_10,18:20,18:27,4,Station_7,Station_19,2
2023-01-28,Train,Route_4,20:59,21:18,80,Station_5,Station_5,2
2023-01-28,Tram,Route_7,21:28,22:32,93,Station_7,Station_16,12
2023-01-28,Train,Route_7,10:48,11:19,71,Station_20,Station_5,15
2023-01-28,Bus,Route_2,19:31,21:10,27,Station_17,Station_18,9
2023-01-28,Tram,Route_7,14:08,15:37,56,Station_6,Station_7,9
2023-01-28,Train,Route_6,14:38,16:21,15,Station_4,Station_14,10
2023-01-28,Tram,Route_4,10:19,11:21,91,Station_1,Station_17,0
2023-01-28,Metro,Route_1,06:38,08:21,31,Station_15,Station_20,9
2023-01-28,Tram,Route_6,06:55,08:59,31,Station_10,Station_5,9
2023-01-28,Bus,Route_2,03:39,03:52,94,Station_2,Station_19,0
2023-01-28,Bus,Route_5,20:47,21:32,77,Station_19,Station_13,1
2023-01-28,Tram,Route_7,21:09,22:17,26,Station_17,Station_3,9
2023-01-28,Tram,Route_10,05:18,05:34,27,Station_3,Station_10,14
2023-01-28,Metro,Route_5,20:55,22:44,80,Station_2,Station_1,13
2023-01-28,Metro,Route_4,21:55,22:12,59,Station_1,Station_19,3
2023-01-28,Train,Route_5,16:40,16:49,6,Station_16,Station_5,4
2023-01-28,Metro,Route_5,07:04,09:09,47,Station_6,Station_19,13
2023-01-28,Train,Route_9,10:06,11:56,28,Station_7,Station_17,15
2023-01-28,Bus,Route_9,22:45,24:31,14,Station_9,Station_8,10
2023-01-28,Bus,Route_5,05:45,06:08,74,Station_4,Station_19,10
2023-01-28,Tram,Route_9,18:05,18:30,19,Station_4,Station_6,14
2023-01-29,Metro,Route_3,13:56,14:07,19,Station_12,Station_7,9
2023-01-29,Train,Route_4,14:56,16:23,46,Station_13,Station_7,5
2023-01-29,Tram,Route_8,18:52,20:24,90,Station_2,Station_10,4
2023-01-29,Tram,Route_2,15:29,16:08,87,Station_15,Station_15,3
2023-01-29,Metro,Route_4,09:28,10:08,14,Station_6,Station_7,6
2023-01-29,Tram,Route_8,18:26,19:58,42,Station_6,Station_9,10
2023-01-29,Metro,Route_10,09:31,11:41,93,Station_10,Station_1,13
2023-01-29,Tram,Route_5,08:23,08:57,82,Station_12,Station_6,14
2023-01-29,Metro,Route_5,11:28,11:58,75,Station_12,Station_20,10
2023-01-29,Bus,Route_5,16:26,17:38,21,Station_3,Station_7,13
2023-01-29,Train,Route_9,13:18,14:19,13,Station_13,Station_15,8
2023-01-29,Metro,Route_10,09:24,10:29,70,Station_20,Station_9,7
2023-01-29,Train,Route_2,20:25,21:13,80,Station_19,Station_7,3
2023-01-29,Tram,Route_7,16:06,17:07,67,Station_9,Station_2,14
2023-01-29,Metro,Route_10,17:04,17:24,27,Station_9,Station_3,1
2023-01-29,Metro,Route_3,18:47,20:45,8,Station_19,Station_20,4
2023-01-29,Bus,Route_2,11:18,12:18,31,Station_9,Station_15,7
2023-01-29,Train,Route_8,08:14,10:25,59,Station_17,Station_13,15
2023-01-29,Bus,Route_3,08:42,10:18,82,Station_1,Station_8,12
2023-01-29,Tram,Route_7,21:30,22:38,77,Station_6,Station_10,13
2023-01-29,Metro,Route_5,05:00,06:15,13,Station_11,Station_12,11
2023-01-29,Bus,Route_6,20:35,22:36,42,Station_6,Station_2,8
2023-01-29,Train,Route_7,05:55,06:51,53,Station_6,Station_16,6
2023-01-29,Bus,Route_7,11:06,13:01,7,Station_19,Station_6,13
2023-01-29,Bus,Route_10,12:27,14:23,54,Station_7,Station_10,4
2023-01-29,Tram,Route_7,14:10,15:58,5,Station_4,Station_16,4
2023-01-29,Bus,Route_7,20:29,21:56,81,Station_12,Station_20,7
2023-01-29,Train,Route_2,16:59,18:14,88,Station_1,Station_9,0
2023-01-29,Metro,Route_9,08:53,09:42,7,Station_16,Station_13,0
2023-01-29,Tram,Route_4,18:01,19:27,72,Station_11,Station_16,7
2023-01-29,Train,Route_8,20:13,20:59,80,Station_13,Station_6,10
2023-01-29,Train,Route_6,11:59,12:34,19,Station_9,Station_11,6
2023-01-30,Bus,Route_4,22:26,24:30,64,Station_15,Station_18,5
2023-01-30,Bus,Route_6,11:24,11:54,50,Station_16,Station_17,2
2023-01-30,Bus,Route_9,19:29,21:22,62,Station_16,Station_3,7
2023-01-30,Tram,Route_5,07:17,09:08,89,Station_11,Station_19,6
2023-01-30,Tram,Route_1,10:01,11:45,16,Station_17,Station_5,9
2023-01-30,Metro,Route_3,22:54,23:10,2,Station_3,Station_19,15
2023-01-30,Train,Route_1,16:41,18:48,63,Station_16,Station_6,10
2023-01-30,Metro,Route_1,19:11,19:46,36,Station_2,Station_9,0
2023-01-30,Bus,Route_4,17:39,19:32,83,Station_8,Station_19,7
2023-01-30,Metro,Route_4,22:36,24:20,27,Station_2,Station_8,0
2023-01-30,Metro,Route_1,05:58,07:17,50,Station_18,Station_16,8
2023-01-30,Tram,Route_4,12:32,12:57,6,Station_11,Station_11,7
2023-01-30,Train,Route_7,12:17,13:26,43,Station_5,Station_8,7
2023-01-30,Metro,Route_7,21:15,22:48,37,Station_10,Station_12,5
2023-01-30,Train,Route_5,20:08,20:39,73,Station_11,Station_6,15
2023-01-30,Tram,Route_5,07:27,08:51,38,Station_13,Station_11,4
2023-01-30,Train,Route_6,10:37,12:41,85,Station_7,Station_2,5
2023-01-30,Bus,Route_5,18:57,20:57,25,Station_17,Station_7,7
2023-01-30,Train,Route_4,09:52,10:54,99,Station_8,Station_5,3
2023-01-30,Metro,Route_7,06:26,07:52,58,Station_8,Station_13,3
2023-01-30,Train,Route_1,13:09,15:07,75,Station_19,Station_9,12
2023-01-30,Bus,Route_6,10:29,12:30,30,Station_16,Station_18,3
2023-01-30,Tram,Route_7,08:14,08:35,52,Station_9,Station_6,8
2023-01-30,Tram,Route_7,13:47,14:35,50,Station_10,Station_16,8
2023-01-30,Bus,Route_7,08:04,08:43,34,Station_19,Station_17,12
2023-01-30,Train,Route_8,10:38,12:32,6,Station_13,Station_4,3
2023-01-30,Metro,Route_8,09:33,10:44,25,Station_18,Station_3,13
2023-01-30,Bus,Route_10,14:08,15:41,21,Station_5,Station_13,4
2023-01-30,Bus,Route_2,10:43,10:52,43,Station_14,Station_4,4
2023-01-30,Metro,Route_9,16:51,17:50,65,Station_1,Station_16,12
2023-01-30,Bus,Route_5,14:38,15:16,89,Station_2,Station_7,4
2023-01-30,Metro,Route_2,14:13,16:15,55,Station_10,Station_20,9
